[
  {
    "name": "OracleDatabase.oracle.Host",
    "value": "flogooracledb.cgfdgimnndaa.us-west-1.rds.amazonaws.com",
    "type": "string"
  },
  {
    "name": "OracleDatabase.oracle.Port",
    "value": 8089,
    "type": "float64"
  },
  {
    "name": "OracleDatabase.oracle.User",
    "value": "admin",
    "type": "string"
  },
  {
    "name": "OracleDatabase.oracle.Password",
    "value": "SECRET:aqHebUR0SeyRSgx8sqPi74xDP/qscwz0JcoQ",
    "type": "string"
  },
  {
    "name": "OracleDatabase.oracle.Database_Instance_value",
    "value": "orcl",
    "type": "string"
  },
  {
    "name": "OracleDatabase.oracle.Max_Open_Connections",
    "value": 50,
    "type": "float64"
  },
  {
    "name": "OracleDatabase.oracle.Max_Idle_Connections",
    "value": 10,
    "type": "float64"
  },
  {
    "name": "OracleDatabase.oracle.Connection_Max_Lifetime",
    "value": "180s",
    "type": "string"
  }
]