[
  {
    "protocol": "http",
    "port": "9999",
    "spec": {
      "name": "oracle",
      "version": "1.0.0"
    },
    "title": "ReceiveHTTPMessage",
    "swagger": {
      "definitions": {
        "schema1": {
          "properties": {
            "output": {
              "type": "string"
            }
          },
          "type": "object"
        }
      },
      "info": {
        "description": "Simple REST Trigger",
        "title": "oracle",
        "version": "1.0.0"
      },
      "paths": {
        "/orcl": {
          "get": {
            "operationId": "get_orcl",
            "parameters": [],
            "responses": {
              "200": {
                "description": "Rest Response",
                "schema": {
                  "$ref": "#/definitions/schema1"
                }
              }
            },
            "summary": "New_flow"
          }
        }
      },
      "swagger": "2.0"
    }
  }
]